customer_id,first_name,last_name,email,address,created_at
55a64655-3f3f-4afd-8c4c-253738f79b74,Dawn,Crosby,hmiller@example.net,"46561 Charles Point Apt. 786, Dominicville, VA 33367",2024-07-12
6700e448-4237-428e-8da4-db127ceb082a,Christopher,Woods,amanda38@example.net,"Unit 2933 Box 4379, DPO AP 25852",2024-05-24
173faa7f-f736-4cb5-9a6e-f142dba55ce5,Madison,Hall,spencergreen@example.org,"34412 Peter Crossing, Port Rachel, MS 24472",2024-02-24
e4db283b-ef62-417e-8582-27e031034359,Christine,Barnes,cannonjulie@example.org,"411 Stevenson Mount Suite 643, East Elizabeth, LA 33098",2024-10-11
f9518493-2ccb-497c-bd6e-8f8a156bcde6,Jackie,Brooks,wmartinez@example.com,"2464 Cohen Centers Suite 056, North Patricia, VA 00795",2024-06-06
610c2230-3e27-4492-b570-f183e4d31e3f,Sabrina,Perry,xball@example.com,"08904 Smith Brooks, Port Elizabethview, VA 08756",2025-01-23
5ac4199e-d3a4-4854-9a4f-6a9e5547fcd3,David,Lynn,waynemoore@example.org,"48990 Shawn Trail Apt. 214, South Douglas, MA 98009",2025-10-28
6120b423-7ef4-4083-9f13-079f16349328,Alan,Buchanan,alexandra48@example.org,"5208 Janet Circles, South Paige, WA 03633",2024-11-12
d9ea60f8-b191-4bf1-8500-436925d21be2,Kelly,Herrera,cheyennemorgan@example.net,"6916 Julie Ford, New Nicholas, GU 10389",2023-12-14
17e5ffc8-f511-4abe-9937-2cb1bfb64779,Jonathan,Myers,leealyssa@example.com,"85013 Francis Loop, New Heather, FL 23677",2023-12-05
53f14822-0493-462b-8d5e-ace59a6e4bd0,Ryan,Logan,robert28@example.net,"8403 Sheppard Glens Apt. 453, Oneillshire, AZ 85330",2024-07-28
9a88bc0a-69b8-47cf-b8e3-05e3adde0282,Patricia,Shea,phillipwalters@example.com,"PSC 1741, Box 0371, APO AA 86013",2025-11-28
38079839-002e-4e22-a8ee-6075c9da40c9,Frank,Rice,zbrown@example.org,"5309 Thompson Island Apt. 702, North Caleb, VA 91234",2024-10-20
56c56339-c31b-4ff7-b230-c57cf323a9cf,Raymond,Dougherty,tgibson@example.com,"9194 Melanie Trail, South Kristopher, AK 77523",2025-10-30
de7fd531-c585-4ada-906a-281b0fbdf35a,Lorraine,Weber,williamaustin@example.com,"4620 Anna Landing, Debratown, MH 35904",2025-05-27
0a87e6e6-1481-4732-8535-cb983bce977d,Elizabeth,Copeland,acarroll@example.com,"27975 Flowers Port, Williambury, MH 67127",2025-05-29
b29766a7-f3cb-410d-935a-815aa436a057,John,Bowen,kgarcia@example.com,"064 Claudia Bridge, New Robin, WY 70062",2024-06-11
a98800d0-13a9-44ce-af84-f6e591fa7936,Krystal,Taylor,mdavis@example.net,"5318 Margaret Heights, Port Michelle, OR 82418",2024-06-18
8b249ead-477f-42e8-89a2-83ea969b4a5c,Anita,Meyer,wangsean@example.net,"343 Kristina Grove Suite 099, New Timothy, ND 92562",2025-05-17
6b4622df-d110-46bd-842c-4988df9138fb,Jacob,Gordon,fitzgeraldrobin@example.com,"3953 Fox Spurs, South Amymouth, NV 39893",2025-06-03
4a7f9791-9b7a-4565-a006-239351b1375a,Brittany,Walters,ejohnson@example.com,"Unit 1461 Box 5289, DPO AE 72619",2025-10-03
53335c5e-cb0e-436e-bca0-ae88b46a6dd6,Jon,Gonzalez,mikayla57@example.com,"643 Michael Rapid Apt. 154, Patriciamouth, NM 91970",2024-08-09
e5421cd1-bb92-412c-b33e-9e15ed98f13a,Patrick,Morris,ugreen@example.org,"71172 Mckinney Common, Jamesborough, ID 52303",2025-03-14
75f74c75-0bb3-4e1e-812d-0712ab7cb1ac,Alice,Alexander,ericagilbert@example.com,"0697 Peter Avenue Apt. 360, Lake Dawn, GU 17078",2025-04-18
2f83f980-112d-4eb2-8fe9-1635516d3f35,Elizabeth,Curry,josephsmith@example.org,"12265 Angela Pines Suite 414, East Elizabethview, DE 63502",2025-04-07
35fde8d0-339c-4c03-81a0-4fba7c793d31,Lori,Ferguson,kli@example.net,"822 Hernandez Fields, Lake Lee, OH 39493",2024-04-16
182b8470-96e3-41e0-8372-c42a6de1c93e,Becky,Gay,benjaminhenry@example.org,"229 Allen Bypass, North Teresaborough, KS 65110",2025-05-30
3013fd1a-5c5c-49c5-b3dc-53d2492cf058,Heather,Jensen,alec91@example.org,"2615 Brian Ports Suite 497, Austinland, NE 23730",2024-03-06
278aa22d-1548-499d-ae9f-0f19a0559fa7,Nicole,Morris,steven64@example.org,"683 Nichols Port, Port Kevin, NY 13491",2025-01-08
e0a260c8-88e5-486a-8f13-b8aded7e1970,Julia,Brown,meganrobertson@example.com,"933 Adrian Crescent, Richardsonburgh, UT 13492",2025-09-01
21720ba6-dfbc-43ad-a0b2-c14ccefa199e,Michelle,Martin,wardchristine@example.net,"020 Ayala Expressway Suite 112, New Stevenfurt, IL 38825",2025-10-30
7a662b28-69fa-4875-b4a4-c864e00128fb,Melissa,Garcia,jamessoto@example.com,"47868 Jimenez Knoll, West Allison, TN 34191",2025-04-25
f30ff8f8-a468-40a5-9c58-ad13aa43e8d6,Christopher,Reese,steven11@example.org,"64568 Stephanie Court Suite 923, Port Jocelynbury, MO 06897",2025-03-13
1f72693f-08b3-45fb-a498-d81d73075099,Charles,Blankenship,pottsmichael@example.com,"5484 Gonzalez Neck, North Kristenborough, IA 97771",2024-01-25
6d0610e5-f8ed-4609-9c33-0d248c868681,Robert,Smith,housepaul@example.com,"8118 Cook Ramp, Harperhaven, VA 47539",2024-01-13
f77c85b9-225d-4f9f-8478-28d463bc6b43,Caitlin,Palmer,louismacdonald@example.org,"982 Emily Lodge, South Christopher, PA 54377",2024-02-11
fd09ed9e-d162-458c-a5f4-5c180f65c346,Micheal,Collins,omoore@example.net,"161 Katie Canyon, New Felicia, KS 28828",2025-04-16
2a036416-b58f-4f78-a2b2-fc83dfdf5f30,Joyce,Dominguez,amanda88@example.com,"922 Jensen Roads, South Lorifort, PA 57948",2024-12-06
360c4f29-19b3-4a7b-8ae8-cfa6334d5025,Daniel,Robinson,rebeccawolf@example.net,"USNS Allen, FPO AA 37506",2024-03-10
7113a469-abc4-4865-8fd5-547f4e1ee356,Michele,Horne,zhamilton@example.org,"8947 White View, Sandraville, WI 73465",2024-10-05
5d1c9f04-fea7-462b-bd08-8ee4768e102a,Marie,Richardson,carlsoncaitlin@example.com,"08637 Gonzales Isle Apt. 081, Lake Justinton, GU 33865",2024-05-09
4e1bc219-5403-40f3-b9c9-a13408af394c,Juan,Lucas,npennington@example.net,"USNV Soto, FPO AP 12630",2025-09-23
8da1d468-de00-444e-b552-ca289aad4d0d,Thomas,Hobbs,lynnwood@example.net,"359 Reed Island Apt. 645, New Thomas, PA 34365",2024-10-01
2bd215ae-df14-4dfd-84f0-4feed955ac47,Rachel,Malone,vspence@example.org,"6128 Davis Well, Evansberg, LA 53540",2024-04-25
785f6fd0-6a0b-4e90-8b8c-f5c79c928e97,Heather,Hernandez,amysims@example.org,"7049 Daniels Valley Suite 527, Simpsonland, MH 03393",2025-10-21
6ccbf56c-c63c-4658-b941-2f5279a0c1f3,Cody,Chapman,youngdaniel@example.com,"916 Moore Burgs Suite 106, Port Emilymouth, GA 34311",2025-06-11
735e4bd2-cc53-4f8d-a7f1-267a77285031,Curtis,King,amandabrock@example.com,"2003 Shepherd Ridges Suite 491, Johnmouth, OK 20831",2023-12-11
fe90b0a6-c8d1-428a-8cbb-970988bcd746,Ronald,Hanna,xhaas@example.org,"3600 Rachel Motorway Apt. 878, Meghanfort, OK 40917",2024-03-27
fa9ff3b6-7c42-49ab-a9d1-70d96f0b9e07,David,Espinoza,mcfarlandheidi@example.com,"74127 Lopez Branch, Lake Carolhaven, AR 59437",2024-04-10
cf5c45df-8b11-4851-bc5d-217dafdee553,Robert,Owens,ljoyce@example.net,"227 Carrillo Ferry Suite 802, South Kristenshire, DE 21855",2025-05-28
770548fa-d206-4425-87dc-b577674595c6,Thomas,Long,eabbott@example.org,"459 Christine Plain Apt. 144, East Michelle, AZ 99271",2024-05-16
fec97475-b6d2-44e2-b597-3322f20aa4e8,Shelia,Roberson,sullivanmadeline@example.net,"1321 Williams Rue Apt. 506, East Josephside, WI 77230",2024-01-31
89eb234b-e29d-4663-8a16-23b5d8b58c6b,Jennifer,Daniels,weavermarcus@example.org,"208 Bruce Estates, East Angel, MA 84712",2024-05-31
2ae032d0-6602-4427-a516-9aa42e58dbfd,Francisco,Thomas,lfernandez@example.org,"6730 Andrew Lake Apt. 422, Mcfarlandton, VT 87139",2025-08-17
e5322dc6-b276-4d21-8ce0-73ecb45cf24a,Timothy,Cline,mollyharris@example.org,"008 Brian Coves Suite 072, Connorfort, OH 47205",2024-12-28
25887d44-46a6-4ba9-994e-51a599015b78,James,Joseph,antoniosanchez@example.net,"71749 Rebecca Street Suite 408, Bowenhaven, AS 65166",2025-11-22
ae2db1ca-48d9-49d6-b59d-ff98c5889617,Katherine,Peters,patrick62@example.com,"157 Chase Creek, East Tiffany, PW 13622",2024-11-28
5ca313b2-def5-48d7-845f-b0632e46f403,Lindsay,Walker,debbiewright@example.net,"29580 Johnson View Suite 235, South Ronaldmouth, PA 01713",2025-10-21
04a3c1e0-4546-4ab6-a15c-1de0cfe98aa2,Kaitlyn,Stewart,smithabigail@example.org,"USCGC Dalton, FPO AP 54556",2024-12-07
233df57b-934f-4aea-9346-6e80ca5fdad7,Peter,Lopez,fjames@example.net,"94321 Huerta Terrace, East Megan, TN 50493",2023-12-17
9d17898b-5a55-40c5-a196-fed195921731,John,Jones,donald82@example.org,"725 Francis Cliff Apt. 450, East Morgan, IA 78953",2025-03-06
9f7d8791-2095-459f-aeb9-bce9961baa3c,Donna,Brown,ibrown@example.net,"653 Jeffrey Crescent, West Davidshire, OH 41120",2024-07-20
25f4e586-0c28-4af4-8c60-944295c02df8,Emily,Guzman,williamtorres@example.net,"38817 Amber Fall, North Matthew, MA 86583",2023-12-20
45dc72cd-d843-4a9e-87d0-52f696522e7c,Catherine,Rogers,carlsonkevin@example.com,"94382 Kevin Springs Apt. 733, West Brian, SC 32175",2024-07-05
f9e132d5-26df-4ca8-a599-99ee62889433,Jessica,Cox,dunlapkimberly@example.net,"Unit 9048 Box 6741, DPO AE 31821",2025-04-30
140cf7ae-98cd-40a4-b21e-975ab768951f,Aaron,Allison,stephaniejacobs@example.com,"8420 Scott Parkways Suite 448, North Christopherfort, GU 77765",2024-05-03
e2c7bdfb-733d-495a-a847-bed5f95bd0d5,Jay,Williams,lancewilkins@example.org,"97737 Ryan Street, Davidport, AR 07331",2025-07-06
a60db950-ef34-4a56-8a4c-aa77866b541d,Christian,Johnson,dmosley@example.com,"4197 Sullivan Ports, North Brittanychester, KS 05100",2025-06-05
4dd44d75-bd22-4098-8faa-6334131ae11c,Jo,Liu,halltroy@example.com,"132 Guerra Mews, Clarkfort, AR 52043",2024-11-24
45d90602-d4e9-4afa-bcf4-67d1a29cfd2e,Melody,Moore,johnstonveronica@example.org,"3933 White Crossroad Suite 474, West Louis, VI 73652",2024-12-29
d64a481b-836d-4334-89d8-63a1e9359f4c,Gwendolyn,Gibson,sanderson@example.net,"692 Smith Run, Brendaton, DC 93020",2025-01-31
3efd0e51-0822-44cb-a967-0e701b330ffe,Elizabeth,Huynh,tina46@example.net,"31317 Stevens Inlet, Leahshire, MH 07940",2025-10-27
38e38685-804e-4f24-839a-1a6f30ee1da9,Gabriela,Bishop,shawjohn@example.org,"51525 Conley Motorway, Bakermouth, AL 21666",2024-11-29
f2505834-bfe3-49e5-977a-ed7db1277999,Raymond,Mcpherson,sdixon@example.org,"14171 Stacy Ports, Lake Heidi, HI 36552",2024-07-27
3e7f42d9-1fe0-4249-929c-b629b386ce16,Elizabeth,Smith,christopherreynolds@example.com,"61372 Randall Mills, Rollinsville, AK 76445",2024-01-16
a89d6a51-c875-4075-a02c-d22a5100a094,Kristina,Hughes,harrisonjohn@example.com,"6529 Keith Green, New Sharon, AK 56613",2025-01-03
b62b1c3b-769f-432a-9a01-21e4d3a2250b,Heather,Barr,smann@example.org,"PSC 3540, Box 3664, APO AP 02462",2024-04-04
773868d6-2989-447e-b4b6-379eef85c360,Brandi,Winters,ygardner@example.net,"125 Justin Cliffs Apt. 706, Mckinneyfurt, ID 90039",2024-03-28
ec4008fb-ff09-4a8a-8aec-bdfee535933b,Gina,Moore,ascott@example.net,"PSC 4040, Box 8184, APO AA 26564",2023-12-07
6989c800-b107-45d0-aac6-96941f390973,Angela,Adams,torresvictoria@example.com,"10800 Whitaker Club Suite 802, Phillipsland, MP 69292",2024-01-13
7d055134-4cb6-4adb-aab7-ffe9115e25e4,William,Castro,phale@example.com,"2271 Joseph Neck Apt. 667, South John, RI 26669",2024-06-30
bad41858-e10b-435c-ba8f-5ba48f357f2b,Elizabeth,Wallace,martin23@example.org,"4002 Andrew Meadow, Ginaborough, HI 58079",2025-07-31
878b5db7-afc4-4f52-b129-55cb6966173e,Joseph,Medina,patrickwilliam@example.com,"89401 Clark Square, Rayburgh, FM 09353",2024-08-03
2253b6b5-299f-4121-844a-180a8457dd08,Barbara,Morales,millermanuel@example.com,"190 Daryl Inlet, Silvamouth, KS 27436",2024-04-04
8190fa56-e1d7-49c7-8121-c268acaf9a62,Kyle,Lopez,williamhodge@example.net,"663 Estes Expressway, Shannonstad, MH 19876",2025-06-21
906c915e-9db9-4d5d-b3c3-31c9d2babc9e,Walter,Morris,carlaross@example.com,"82583 Jones Inlet, Lake Stephanie, DE 99153",2024-11-29
da15cbc1-118e-47a5-82ce-b748e3d0d452,Douglas,Moore,janetvaughn@example.com,"608 Duarte Cove, New Brittneytown, LA 32298",2024-12-17
de7a7c5c-05b9-4159-880b-87ba3a312a41,Shannon,Quinn,pperry@example.com,"0371 Duncan Ridge Suite 864, Waynemouth, KY 81833",2024-09-14
41be373c-50cf-49ea-9eed-e947573ff302,Daniel,Williams,cookangela@example.org,"141 Graves Village Suite 432, Sanchezton, ME 58118",2025-01-20
25362ad2-48c4-44e0-aa4b-3bcf28890921,Andrew,Brown,jacobhogan@example.org,"45359 Karen Forge, South Travis, DC 32271",2025-09-10
0cbc8ead-a389-4085-8458-861ebc07cb52,Stephanie,Powers,coltonadams@example.net,"29716 Shawn Inlet, South Rachel, PR 24040",2023-12-26
4944f91d-2edb-4e10-b953-8918ee091205,Michelle,Garcia,freemancody@example.org,"4332 Hunt Rapid Apt. 366, Port Sally, MO 08387",2024-05-21
804663be-3de5-43b0-8e36-19403723d24f,Randy,Graham,andre58@example.net,"8102 Elizabeth Street, Stacybury, AZ 33002",2025-01-12
3b3be3e7-58b5-4832-9994-e46c9adb9121,Frederick,Potter,todd84@example.net,"704 Carl Neck Apt. 147, Raymondborough, TX 20924",2024-02-19
c0dfca61-574e-4c7e-8f4f-52083889b021,Dustin,Hendricks,alexandrialopez@example.com,"9920 Foster Harbor, New Robin, KS 79798",2023-12-28
c500980a-b477-4e47-a6e9-bda9ce1b3f26,Christina,Stephens,jamesvillanueva@example.com,"559 Daniel Key Suite 404, West Monicamouth, LA 79520",2024-12-05
8ef2f8f4-3ed3-4737-a5db-63b9effd518b,Miranda,Harper,staceypacheco@example.org,"28667 Brown Neck, Millertown, CO 41501",2025-05-27
9042b9f7-fdc2-4d6e-bbe4-0a9863b3c419,Madeline,Friedman,xolson@example.org,"Unit 6430 Box 4203, DPO AA 29530",2024-09-10
03d319a7-5725-474f-9430-8e262d4978ba,Lisa,Levine,deborahhancock@example.org,"76196 Ramirez Stream Apt. 010, Russoshire, NE 42027",2024-01-09
0d337e71-c867-4356-b4ee-b0b622998bf6,Ricky,Ross,bjackson@example.net,"717 Theresa Dale Apt. 049, Phillipview, OR 10595",2024-03-18
